date,GHI_Wm2,DNI_Wm2,ClearSkyGHI_Wm2,WindSpeed_10m_ms,Temp_2m_C,Precip_mm,CloudAmount_pct
2000-01,5.928341935483871,,7.274338709677419,2.0535483870967743,23.585483870967742,0.1570967741935484,37.45161290322581
2000-02,7.014834482758621,,7.640513793103449,2.1382758620689652,24.564137931034484,0.03896551724137932,25.768965517241377
2000-03,6.1636,,7.4702161290322575,2.2135483870967745,25.79,0.6245161290322581,48.88709677419355
2000-04,6.257896666666666,,7.21764,2.4596666666666667,24.491333333333333,1.401,36.89333333333333
2000-05,5.260654838709677,,6.762261290322581,2.9293548387096773,23.75774193548387,0.2945161290322581,54.329032258064515
2000-06,4.597313333333333,,6.30745,3.2026666666666666,22.273666666666667,0.18133333333333332,52.89333333333333
2000-07,4.795141935483871,,6.368225806451613,3.448387096774194,21.824838709677422,0.10032258064516128,56.82258064516129
2000-08,5.228848387096774,,6.837741935483871,3.971290322580645,22.021935483870966,0.19387096774193552,53.270967741935486
2000-09,5.7067266666666665,,7.227453333333333,3.7786666666666666,22.917333333333332,0.20299999999999999,46.21666666666667
2000-10,6.380519354838709,,7.447564516129033,2.98258064516129,24.171290322580642,0.2625806451612903,39.46451612903226
2000-11,5.388433333333333,,7.174733333333333,1.9506666666666665,23.077,4.800333333333333,60.483333333333334
2000-12,5.769883870967742,,7.102835483870968,1.7374193548387096,23.057419354838707,3.11741935483871,45.25483870967742
2001-01,5.542006451612903,3.839712903225806,7.16363870967742,1.6119354838709676,23.169677419354837,3.6670967741935487,53.29774193548387
2001-02,6.199957142857143,4.821828571428571,7.520728571428571,2.0464285714285713,25.30892857142857,0.15392857142857141,35.30321428571428
2001-03,6.259958064516129,4.899983870967741,7.538264516129033,1.9893548387096776,24.840645161290322,1.7461290322580643,52.14161290322581
2001-04,5.72961,4.042363333333333,7.2117933333333335,2.276333333333333,24.18566666666667,2.5679999999999996,58.02033333333333
2001-05,5.4039,4.051845161290323,6.78938064516129,2.8009677419354837,24.22290322580645,0.7087096774193548,46.689354838709676
2001-06,4.857056666666667,3.3890433333333334,6.463243333333334,2.886,22.473333333333336,0.36666666666666664,55.64433333333333
2001-07,4.701274193548387,2.757087096774194,6.441687096774193,3.154193548387097,21.344193548387096,0.22451612903225807,55.15193548387097
2001-08,5.6169161290322585,4.215545161290323,6.916629032258065,3.625483870967742,22.07,0.20967741935483872,50.351612903225806
2001-09,6.039443333333334,4.541223333333334,7.218936666666666,3.3073333333333332,23.44333333333333,0.06933333333333333,39.747
2001-10,6.218545161290323,4.678374193548387,7.403835483870968,2.8393548387096774,24.299677419354836,0.6929032258064516,48.93774193548387
2001-11,5.683260000000001,3.6445133333333337,7.214153333333333,1.9563333333333333,22.225,7.425,63.16433333333334
2001-12,5.417703225806452,3.8828516129032256,7.09263870967742,1.7632258064516129,23.008064516129032,2.636774193548387,52.505483870967744
2002-01,5.6273709677419355,4.177674193548388,7.159616129032258,1.8190322580645162,23.768709677419356,0.8090322580645161,59.075483870967744
2002-02,6.569535714285714,5.667485714285715,7.586271428571429,2.084285714285714,24.677857142857142,0.3175,40.17928571428571
2002-03,6.034890322580646,4.5401,7.557135483870968,1.9641935483870967,24.807096774193546,2.3548387096774195,53.29322580645161
2002-04,5.457183333333333,3.4883733333333335,7.22139,2.1643333333333334,23.819666666666667,4.64,76.17800000000001
2002-05,5.2913258064516135,3.552496774193548,6.720567741935485,2.3509677419354835,23.289354838709677,2.0425806451612902,56.59064516129032
2002-06,4.95234,3.0543533333333333,6.35337,2.6180000000000003,22.377000000000002,0.201,56.25233333333333
2002-07,5.230977419354839,3.9285806451612904,6.546222580645161,3.166129032258065,21.87451612903226,0.3029032258064516,47.049032258064514
2002-08,4.638064516129032,2.594109677419355,6.774761290322581,3.858064516129032,21.893225806451614,0.3006451612903226,63.432903225806456
2002-09,6.09134,4.97479,7.40143,3.619666666666667,23.000666666666667,0.657,42.515
2002-10,5.947512903225806,4.312206451612903,7.3900999999999994,2.7758064516129033,23.636129032258065,3.097741935483871,54.22774193548387
2002-11,6.174066666666667,4.863306666666667,7.171476666666666,1.739,23.051333333333332,3.9406666666666665,52.028666666666666
2002-12,5.980854838709678,4.949587096774193,7.073603225806452,1.5409677419354837,23.30322580645161,4.126774193548387,55.97451612903226
2003-01,6.058441935483871,5.072083870967742,7.27678064516129,1.9854838709677418,24.482903225806453,0.2719354838709677,35.04677419354839
2003-02,6.570035714285714,5.9705892857142855,7.575203571428572,2.1410714285714287,25.65357142857143,0.27214285714285713,39.73285714285714
2003-03,6.493503225806451,5.015564516129031,7.504922580645162,2.155806451612903,25.941290322580645,1.043225806451613,45.08709677419355
2003-04,5.70798,3.8466766666666667,7.181236666666666,2.1929999999999996,24.694333333333336,3.936,70.38799999999999
2003-05,5.12091935483871,3.356083870967742,6.6953774193548385,2.2903225806451615,23.15838709677419,2.6712903225806452,64.89483870967742
2003-06,4.93422,3.6037066666666666,6.309293333333333,2.866,22.705666666666666,0.107,57.607
2003-07,4.889874193548387,3.3407548387096773,6.442312903225806,3.3225806451612905,22.02516129032258,0.09580645161290323,50.770645161290325
2003-08,4.846532258064516,2.914458064516129,6.806574193548387,3.5141935483870967,21.909032258064514,0.39064516129032256,61.59064516129032
2003-09,6.00224,4.45266,7.305193333333333,3.7356666666666665,23.485000000000003,0.24866666666666667,44.32
2003-10,5.9980677419354835,4.461525806451613,7.373409677419355,2.7448387096774196,23.91483870967742,2.3990322580645165,50.483870967741936
2003-11,5.96587,4.489696666666666,7.21289,1.8880000000000001,22.942999999999998,4.608333333333333,59.915
2003-12,6.258416129032258,5.460274193548387,7.140761290322581,1.9348387096774193,23.19677419354839,1.5606451612903227,38.673870967741934
2004-01,5.641716129032258,4.262293548387097,7.212835483870968,1.8019354838709678,24.026129032258062,2.4899999999999998,59.26387096774194
2004-02,5.773579310344827,4.068644827586207,7.418858620689655,2.0041379310344825,25.107586206896553,0.9120689655172414,58.459999999999994
2004-03,6.175054838709677,4.433619354838709,7.425793548387097,2.1693548387096775,25.686451612903223,0.8548387096774194,58.05870967741935
2004-04,5.50578,3.6313933333333335,7.16017,2.182,24.245333333333335,2.6540000000000004,70.94266666666667
2004-05,5.084093548387097,3.0957774193548384,6.58888064516129,2.4538709677419352,24.104193548387098,0.5790322580645161,64.68645161290323
2004-06,4.788663333333333,3.567893333333333,6.420043333333334,2.9993333333333334,22.168666666666663,0.18733333333333332,68.51933333333334
2004-07,5.36571935483871,4.567212903225806,6.603932258064516,3.3141935483870966,21.753548387096775,0.07677419354838709,57.31516129032258
2004-08,5.533464516129032,3.939790322580645,7.04741935483871,3.833870967741935,22.251935483870966,0.05903225806451613,57.73903225806452
2004-09,6.0786,4.53551,7.354173333333334,3.6333333333333333,23.779333333333334,0.33666666666666667,49.506
2004-10,6.00401935483871,4.406912903225806,7.5059516129032255,2.7903225806451615,24.09741935483871,1.4209677419354838,60.58322580645161
2004-11,5.7828800000000005,4.401669999999999,7.279863333333334,2.1176666666666666,23.584333333333333,3.2543333333333333,64.473
2004-12,5.879674193548388,4.758116129032258,7.131035483870967,1.9345161290322581,23.801290322580645,2.3680645161290323,68.49129032258064
2005-01,6.306625806451613,5.3506451612903225,7.294641935483871,2.0029032258064516,24.67064516129032,0.5932258064516129,60.83
2005-02,6.2881285714285715,4.913521428571428,7.565446428571429,2.197857142857143,25.766785714285714,0.10535714285714284,64.03035714285714
2005-03,6.340583870967742,4.636967741935484,7.524235483870967,2.0964516129032256,25.936774193548384,0.9412903225806452,60.608064516129026
2005-04,5.882053333333333,4.122583333333333,7.175456666666666,2.3313333333333333,25.546333333333333,1.3246666666666667,66.757
2005-05,5.3050612903225804,3.789658064516129,6.654793548387096,2.5561290322580645,24.218387096774194,1.527741935483871,65.06838709677419
2005-06,4.639446666666667,2.69496,6.237876666666667,2.866333333333333,22.906,0.20400000000000001,70.06633333333333
2005-07,4.4013709677419355,2.4281612903225804,6.376974193548388,3.36741935483871,22.15774193548387,0.24451612903225806,77.23387096774194
2005-08,4.659325806451613,2.4501935483870967,6.817290322580646,3.649677419354839,21.934838709677418,0.5141935483870967,73.35258064516128
2005-09,5.557723333333333,3.4215666666666666,7.152823333333333,3.625,23.454333333333334,0.11800000000000001,64.86033333333333
2005-10,6.491441935483871,5.252054838709678,7.431861290322581,2.9306451612903226,23.87258064516129,1.2558064516129033,47.46935483870968
2005-11,5.54178,4.04465,7.1911000000000005,2.1906666666666665,23.595333333333333,2.1599999999999997,66.36366666666667
2005-12,5.8682741935483875,4.3871935483870965,7.11983870967742,1.993548387096774,24.844516129032257,0.2567741935483871,70.87967741935483
2006-01,5.741751612903226,4.178612903225806,7.248732258064516,2.0416129032258064,25.078709677419358,0.5267741935483871,69.36
2006-02,5.9090107142857144,4.358503571428572,7.488814285714286,2.1257142857142854,26.229285714285712,0.6985714285714285,67.57392857142857
2006-03,5.992877419354839,3.646790322580645,7.427351612903226,2.0151612903225806,25.088064516129034,1.7680645161290323,71.1716129032258
2006-04,5.619193333333333,3.6394900000000003,7.118123333333333,2.1903333333333332,23.656333333333336,3.671666666666667,70.875
2006-05,5.562322580645161,4.4515,6.704809677419354,2.3448387096774193,23.50548387096774,2.591290322580645,66.56451612903226
2006-06,5.181073333333333,4.240046666666667,6.385426666666667,2.9226666666666667,22.90266666666667,0.17200000000000001,60.57333333333334
2006-07,4.519658064516129,2.718241935483871,6.299545161290323,3.30741935483871,21.734193548387097,0.1667741935483871,74.31129032258065
2006-08,5.267277419354838,3.40721935483871,6.860564516129033,3.6006451612903225,22.42774193548387,0.41161290322580646,66.53645161290324
2006-09,5.7816600000000005,3.8759900000000003,7.297643333333334,3.833666666666667,23.133666666666667,0.6656666666666666,55.407666666666664
2006-10,6.044070967741935,4.510535483870968,7.38471935483871,2.8048387096774197,23.54516129032258,2.7890322580645166,55.37677419354839
2006-11,5.893513333333333,4.18744,7.196406666666666,1.621,22.787666666666667,9.047666666666666,73.22399999999999
2006-12,5.533445161290323,3.826541935483871,6.957351612903226,1.589032258064516,22.692580645161293,5.740967741935484,72.83774193548386
2007-01,5.804558064516129,4.3169129032258065,7.1972258064516135,1.9164516129032256,23.339354838709678,1.0393548387096774,67.60387096774194
2007-02,6.375639285714286,4.954935714285715,7.510028571428571,1.9539285714285715,25.381428571428568,0.2392857142857143,63.534285714285716
2007-03,6.2354806451612905,4.030577419354839,7.573387096774193,2.113548387096774,25.26,0.902258064516129,66.80870967741936
2007-04,5.706296666666666,3.50715,7.111603333333333,2.1483333333333334,24.759333333333334,2.097,73.403
2007-05,5.277332258064516,4.086832258064516,6.7429741935483865,2.6551612903225807,23.82193548387097,1.6280645161290321,62.950967741935486
2007-06,5.1796,3.6404133333333335,6.208293333333333,2.6083333333333334,22.534333333333333,0.45866666666666667,62.473333333333336
2007-07,4.829335483870968,3.2274129032258068,6.344909677419356,3.0841935483870966,21.94677419354839,0.5219354838709678,65.26193548387097
2007-08,4.838667741935485,2.886851612903226,6.825648387096774,3.6500000000000004,22.38032258064516,0.5851612903225807,69.03677419354838
2007-09,5.744996666666666,4.025143333333333,7.21573,3.6566666666666667,23.633666666666667,0.6669999999999999,56.284
2007-10,6.087561290322581,4.380916129032259,7.3730161290322584,2.683225806451613,23.596451612903227,2.3451612903225807,55.13967741935484
2007-11,5.961386666666667,4.543346666666666,7.19018,1.9616666666666667,23.308333333333334,3.577,62.76833333333333
2007-12,5.725609677419355,4.143245161290322,7.029841935483871,1.8625806451612903,23.11258064516129,2.108064516129032,70.66354838709678
2008-01,5.491099999999999,3.8505387096774193,7.249654838709677,1.911935483870968,23.637096774193548,1.1951612903225806,73.63000000000001
2008-02,6.080224137931035,3.7675689655172415,7.412020689655172,2.0886206896551722,24.979310344827585,0.2003448275862069,66.5851724137931
2008-03,6.2313,3.850703225806452,7.456283870967742,2.024516129032258,25.039032258064516,1.9816129032258065,67.81129032258065
2008-04,5.86599,4.185996666666666,7.22663,2.208666666666667,23.671333333333333,2.6393333333333335,69.98833333333333
2008-05,5.4398967741935484,4.241751612903226,6.751754838709677,2.7651612903225806,23.84741935483871,0.5870967741935483,57.46064516129032
2008-06,4.667526666666666,3.31351,6.343226666666666,2.9739999999999998,22.026333333333334,0.3266666666666667,60.48233333333334
2008-07,4.307780645161291,2.4788741935483873,6.27908064516129,3.25258064516129,21.644193548387097,0.4154838709677419,70.86870967741935
2008-08,5.072967741935484,2.9072709677419355,6.743683870967742,3.7425806451612904,22.518709677419356,0.15483870967741936,59.78225806451613
2008-09,6.309596666666667,4.897876666666666,7.19475,3.455,24.238999999999997,0.16366666666666668,40.132
2008-10,6.036612903225806,4.266987096774193,7.38331935483871,2.55258064516129,24.44129032258065,1.7725806451612904,54.66483870967742
2008-11,5.80176,3.835536666666667,7.16328,1.9413333333333334,23.599333333333334,3.4846666666666666,56.533
2008-12,5.6530387096774195,3.956222580645161,7.071416129032258,2.0309677419354837,24.713870967741936,0.4532258064516129,61.27774193548387
2009-01,5.862148387096774,4.357838709677419,7.263335483870968,1.9948387096774194,24.10516129032258,1.2796774193548388,49.42580645161291
2009-02,5.895017857142856,3.3167857142857144,7.497578571428571,2.1957142857142857,25.074285714285715,0.4303571428571429,63.551785714285714
2009-03,6.558909677419355,4.970306451612903,7.527277419354839,2.3148387096774194,26.28774193548387,0.4619354838709678,47.877741935483876
2009-04,5.881576666666667,3.89168,7.172103333333333,2.2983333333333333,24.719,1.4863333333333335,59.504000000000005
2009-05,5.163812903225807,3.355164516129032,6.691735483870968,2.500967741935484,24.251612903225805,0.9245161290322581,62.72870967741935
2009-06,4.892023333333333,3.3901133333333333,6.4147300000000005,2.9806666666666666,23.711666666666666,0.32733333333333337,55.53866666666667
2009-07,5.1309,3.7079225806451612,6.454729032258064,3.4729032258064514,22.29774193548387,0.05193548387096775,52.83870967741935
2009-08,5.051412903225806,3.109783870967742,6.7463,3.9819354838709677,22.686451612903223,0.0567741935483871,58.164838709677426
2009-09,6.248819999999999,4.95092,7.285993333333334,3.7543333333333333,24.151,0.03833333333333334,35.38766666666667
2009-10,5.869796774193548,3.7422290322580647,7.3481903225806455,2.7983870967741935,23.661612903225805,3.4287096774193544,63.6325806451613
2009-11,6.218909999999999,4.70311,7.198806666666667,1.9036666666666666,24.005999999999997,1.739,50.032000000000004
2009-12,5.680909677419355,3.9577612903225807,7.025254838709678,1.6367741935483873,23.38967741935484,3.7277419354838712,63.082258064516125
2010-01,5.884145161290323,4.336393548387097,7.162803225806451,1.9809677419354839,24.351612903225806,0.6703225806451614,52.17612903225807
2010-02,5.9296500000000005,3.9629499999999998,7.436485714285714,1.9982142857142857,25.209285714285716,1.1996428571428572,57.3675
2010-03,5.995212903225807,3.9504193548387097,7.420712903225807,1.992258064516129,24.510322580645163,3.027741935483871,64.34032258064516
2010-04,6.003703333333333,4.352353333333334,7.156453333333333,2.1973333333333334,24.319000000000003,3.405333333333333,62.333333333333336
2010-05,5.388816129032258,4.142329032258065,6.757370967741935,2.5596774193548386,24.050645161290323,1.5735483870967741,58.07096774193548
2010-06,4.700936666666666,3.1207333333333334,6.353606666666667,2.881333333333333,23.183,0.19499999999999998,66.60833333333333
2010-07,5.052003225806452,3.3413870967741937,6.372854838709678,3.1841935483870967,21.87290322580645,0.30483870967741933,61.63741935483871
2010-08,4.896983870967742,2.700493548387097,6.803187096774193,3.695806451612903,22.171290322580642,0.21548387096774194,68.07354838709678
2010-09,5.641306666666667,3.868326666666667,7.24752,3.691666666666667,23.344,0.098,52.746
2010-10,6.250570967741935,4.533374193548387,7.320190322580646,2.793548387096774,24.587741935483873,0.6499999999999999,49.243870967741934
2010-11,5.364813333333333,3.277733333333333,7.085043333333333,2.033333333333333,23.520666666666667,2.6373333333333333,65.67533333333333
2010-12,5.895825806451613,3.8063548387096775,7.004938709677419,1.8512903225806452,24.044193548387096,1.407741935483871,55.33419354838709
2011-01,6.152809677419355,4.802070967741936,7.25601935483871,1.9787096774193547,24.600322580645162,0.24967741935483873,47.344193548387096
2011-02,6.505671428571428,5.181357142857143,7.475103571428571,1.9907142857142859,25.192857142857143,0.5896428571428572,42.823214285714286
2011-03,6.624451612903226,4.974516129032258,7.481825806451613,2.154193548387097,25.850645161290323,0.8545161290322582,46.29548387096774
2011-04,5.668123333333333,3.73467,7.219416666666667,2.3116666666666665,25.022666666666666,1.5053333333333334,63.806333333333335
2011-05,5.448003225806452,4.098632258064516,6.779067741935483,2.7106451612903224,24.28322580645161,0.9587096774193548,56.35354838709677
2011-06,4.699443333333333,2.8491033333333333,6.10821,2.6993333333333336,23.450333333333333,0.34600000000000003,57.522333333333336
2011-07,5.079041935483871,3.6741225806451614,6.349132258064516,3.116774193548387,22.641612903225806,0.24967741935483873,52.810967741935485
2011-08,5.024416129032258,3.035038709677419,6.755309677419355,3.638709677419355,22.412258064516127,0.4464516129032258,62.6174193548387
2011-09,5.7220733333333325,3.6751766666666663,7.14666,3.658333333333333,23.916666666666668,0.2986666666666667,57.46333333333334
2011-10,5.591077419354838,3.420903225806452,7.329654838709677,2.547741935483871,23.556451612903224,3.5664516129032258,67.19096774193548
2011-11,5.836433333333333,3.9681366666666666,7.066183333333333,1.7336666666666667,22.992,5.386,64.41266666666667
2011-12,5.973567741935484,4.301816129032258,6.899274193548387,1.8425806451612903,23.530645161290323,1.1587096774193548,57.15161290322581
2012-01,6.559022580645161,5.741741935483871,7.326254838709677,2.133225806451613,24.540967741935482,0.1774193548387097,50.3158064516129
2012-02,6.60061724137931,4.900220689655173,7.503193103448276,2.146551724137931,25.407241379310342,0.14758620689655172,55.53310344827587
2012-03,6.631790322580645,4.8375645161290315,7.4868999999999994,2.177096774193548,26.121290322580645,0.17709677419354838,46.109032258064516
2012-04,5.697406666666667,3.649646666666667,7.150593333333333,2.0446666666666666,24.214333333333332,3.2239999999999998,78.00233333333334
2012-05,5.584964516129032,4.59226129032258,6.732864516129033,2.548709677419355,23.792580645161287,1.4258064516129034,55.8158064516129
2012-06,4.840213333333334,3.1773033333333336,6.11172,2.719333333333333,22.822,0.36966666666666664,67.62633333333333
2012-07,4.458806451612904,2.5016677419354836,6.228719354838709,2.951935483870968,21.901290322580646,0.2793548387096774,68.69645161290323
2012-08,5.399370967741936,3.5434451612903226,6.843025806451613,3.4899999999999998,22.43290322580645,0.5232258064516129,64.76032258064517
2012-09,6.054416666666667,4.268836666666667,7.269956666666667,3.692,23.900333333333332,0.114,44.69433333333333
2012-10,6.3965516129032265,4.944309677419354,7.3950000000000005,2.7154838709677422,24.19483870967742,1.6748387096774193,44.37354838709677
2012-11,5.797946666666666,4.0584299999999995,7.10803,1.8756666666666668,23.505,5.161666666666666,62.217666666666666
2012-12,5.697087096774194,4.045893548387097,7.0149322580645155,1.6664516129032256,23.081612903225807,3.7925806451612902,66.36096774193548
2013-01,5.967254838709677,4.5300548387096775,7.217622580645161,1.8129032258064517,24.63064516129032,0.697741935483871,58.3358064516129
2013-02,6.295617857142857,4.619464285714286,7.4898178571428575,2.1046428571428573,25.880357142857143,0.058928571428571434,58.853928571428575
2013-03,6.154341935483871,3.9391677419354836,7.442216129032258,2.1503225806451614,25.390645161290323,2.0658064516129033,71.06548387096774
2013-04,5.722156666666667,4.063276666666667,7.11448,2.02,24.04733333333333,3.342333333333334,75.76066666666667
2013-05,5.516764516129032,4.341825806451613,6.752532258064516,2.7716129032258063,23.55548387096774,0.6045161290322582,56.37419354838709
2013-06,4.300063333333333,2.5868266666666666,6.1939633333333335,2.8033333333333332,22.226,0.21733333333333335,70.69166666666666
2013-07,4.467583870967742,2.719361290322581,6.35113870967742,3.1212903225806454,21.84193548387097,0.31967741935483873,69.31161290322581
2013-08,4.818651612903226,2.8534645161290326,6.791196774193548,3.7845161290322578,22.112903225806452,0.22483870967741934,63.766774193548386
2013-09,5.9141,4.040536666666666,7.183606666666666,3.5606666666666666,23.871,0.21633333333333335,47.326
2013-10,6.403225806451613,4.894503225806452,7.441445161290322,2.9858064516129033,24.756451612903227,0.3374193548387097,44.17612903225807
2013-11,5.75397,3.7930733333333335,7.1491766666666665,1.9493333333333331,23.481333333333335,3.286,65.39866666666667
2013-12,5.086677419354839,3.000587096774194,6.888351612903226,1.7093548387096775,23.163870967741936,3.204838709677419,67.37741935483871
2014-01,5.946070967741936,4.3848290322580645,7.25451935483871,1.992258064516129,25.059677419354838,0.07870967741935483,48.233548387096775
2014-02,6.043782142857142,3.817182142857143,7.268607142857142,1.827142857142857,25.13,1.0067857142857144,55.085
2014-03,5.920422580645161,3.4398064516129034,7.406470967741935,2.0116129032258065,24.95709677419355,1.7583870967741935,64.44419354838709
2014-04,6.061353333333333,4.0987833333333334,7.183120000000001,2.1256666666666666,24.715,1.8410000000000002,55.177
2014-05,5.106583870967742,3.4296032258064515,6.734309677419355,2.7261290322580645,23.951290322580647,0.8719354838709678,63.763225806451615
2014-06,4.748736666666667,3.40359,6.32828,2.885,22.93,0.4433333333333333,55.14933333333333
2014-07,4.5888,2.839041935483871,6.264161290322581,3.2070967741935483,22.453870967741935,0.15096774193548387,63.09387096774193
2014-08,5.273177419354839,3.612583870967742,6.766235483870967,3.6274193548387097,22.72741935483871,0.49548387096774194,59.269354838709674
2014-09,5.402603333333333,3.3108333333333335,7.140946666666666,3.6566666666666667,23.345000000000002,0.321,55.43533333333333
2014-10,6.173090322580645,4.660122580645161,7.334951612903226,2.762903225806452,24.476129032258065,1.0935483870967742,46.39290322580646
2014-11,5.913653333333333,4.263416666666667,7.170726666666667,1.916,23.514666666666667,3.746,56.574
2014-12,5.557964516129032,3.4887032258064514,6.966564516129033,1.869032258064516,23.73516129032258,2.0474193548387096,60.82322580645161
2015-01,6.359883870967741,5.125732258064517,7.253219354838709,2.143870967741935,24.54741935483871,0.052258064516129035,39.68161290322581
2015-02,6.606767857142857,5.261128571428571,7.504682142857143,2.0603571428571428,26.210714285714285,0.18285714285714286,42.16357142857142
2015-03,6.257777419354839,4.330296774193549,7.568074193548387,2.351612903225807,25.506774193548388,1.0267741935483872,56.998387096774195
2015-04,5.909373333333334,4.0382766666666665,7.207636666666667,2.076,24.767666666666667,3.3183333333333334,69.20033333333332
2015-05,5.479496774193548,4.313932258064516,6.707922580645162,2.5938709677419354,24.011290322580646,1.4396774193548387,57.05129032258064
2015-06,5.023236666666667,3.7198633333333335,6.244243333333333,2.6273333333333335,23.089,0.3446666666666667,48.995666666666665
2015-07,4.633067741935484,3.1249677419354835,6.366229032258065,3.2374193548387096,22.322580645161292,0.3470967741935484,66.82354838709678
2015-08,5.181503225806451,3.4375387096774195,6.873474193548387,3.7229032258064514,22.55290322580645,0.2735483870967742,55.26806451612903
2015-09,6.329949999999999,4.898796666666667,7.214476666666667,3.7336666666666667,24.131666666666668,0.029666666666666668,35.888333333333335
2015-10,6.032893548387097,4.077793548387097,7.274296774193548,2.823225806451613,25.17258064516129,1.0770967741935484,56.80903225806451
2015-11,5.706466666666667,3.9218633333333335,7.1171,1.95,23.668,4.751333333333333,62.47366666666667
2015-12,5.914364516129033,4.239067741935484,6.987667741935485,1.6858064516129032,24.103870967741937,2.18,50.41290322580645
2016-01,5.350454838709678,3.1759645161290324,7.069661290322581,1.8170967741935484,25.157096774193548,1.0258064516129033,65.52161290322582
2016-02,6.29688275862069,4.5296896551724135,7.399093103448276,2.0586206896551724,25.82137931034483,0.4372413793103448,42.70862068965517
2016-03,6.482809677419355,4.828783870967742,7.566180645161291,2.1609677419354836,27.37709677419355,0.4093548387096774,49.46774193548387
2016-04,5.62387,3.4621833333333334,7.1171,2.242,25.278666666666666,2.9066666666666667,76.95866666666666
2016-05,5.075574193548388,3.5100193548387093,6.6596032258064515,2.470322580645161,23.653870967741934,0.9116129032258065,62.358064516129026
2016-06,4.59461,2.632136666666667,6.258413333333333,2.687,22.706666666666667,0.3473333333333333,67.414
2016-07,4.6928064516129036,3.0104354838709675,6.303270967741935,3.010967741935484,21.976129032258065,0.07225806451612904,65.57193548387097
2016-08,5.227651612903226,3.2167129032258064,6.85953870967742,3.7870967741935484,22.364838709677418,0.15096774193548387,57.20193548387097
2016-09,5.47344,3.3476766666666666,7.22727,3.7006666666666663,23.053,0.114,55.721333333333334
2016-10,6.422529032258065,4.977183870967742,7.3573387096774185,2.843225806451613,24.846129032258066,0.19161290322580643,42.869354838709675
2016-11,5.419079999999999,3.2615266666666667,7.14649,2.0046666666666666,23.63,3.883666666666667,70.18966666666667
2016-12,5.7517,3.9188,6.9943580645161285,1.8541935483870966,24.354193548387098,1.0206451612903227,60.044838709677414
2017-01,6.331312903225807,5.235783870967742,7.275916129032258,2.0145161290322577,25.118387096774192,0.13806451612903226,35.63387096774194
2017-02,5.825253571428571,3.3241571428571426,7.442371428571429,2.113928571428571,25.413928571428574,0.7767857142857143,57.02214285714286
2017-03,6.654019354838709,4.983712903225807,7.57541935483871,2.290967741935484,26.93064516129032,0.26806451612903226,43.69516129032258
2017-04,6.086533333333334,3.9822366666666666,7.2003466666666665,2.458666666666667,25.394000000000002,1.668,56.68766666666667
2017-05,5.49336129032258,4.027925806451613,6.697629032258065,2.664193548387097,23.749032258064517,1.9306451612903226,53.52483870967742
2017-06,4.853656666666667,3.052853333333333,6.275573333333333,2.9796666666666667,23.490000000000002,0.209,51.424
2017-07,4.755670967741936,2.712809677419355,6.178390322580645,3.143548387096774,22.55354838709677,0.2106451612903226,58.39322580645162
2017-08,5.294051612903226,3.2602032258064515,6.816183870967742,3.7251612903225806,22.98225806451613,0.29193548387096774,56.88870967741936
2017-09,5.94409,3.9126333333333334,7.1628,3.5463333333333336,23.795666666666666,0.40599999999999997,46.79866666666667
2017-10,6.445483870967742,4.864645161290323,7.3747612903225805,2.6893548387096775,24.75258064516129,1.5870967741935482,45.93741935483871
2017-11,5.493113333333333,3.3821,7.12896,1.959,23.498333333333335,2.9949999999999997,65.82233333333333
2017-12,6.027816129032258,4.396738709677419,7.054670967741935,1.910967741935484,24.626774193548385,0.6283870967741936,57.571612903225805
2018-01,6.2067000000000005,4.538690322580645,7.136032258064517,1.845483870967742,25.232580645161292,0.05935483870967742,50.380322580645164
2018-02,6.438257142857142,4.488703571428571,7.494996428571429,2.2150000000000003,26.065357142857145,0.05607142857142857,49.36535714285714
2018-03,5.379551612903225,2.983467741935484,7.272793548387097,1.7696774193548388,24.057741935483868,4.158387096774193,73.05645161290323
2018-04,5.5438,3.205026666666667,7.123143333333333,1.909,23.25133333333333,6.298666666666667,81.383
2018-05,5.745041935483871,4.815358064516128,6.796161290322581,2.4848387096774194,22.848709677419354,2.0432258064516127,54.73870967741936
2018-06,4.573463333333334,2.8406599999999997,6.287516666666666,2.7066666666666666,21.887666666666668,0.3923333333333333,64.48033333333333
2018-07,4.672664516129032,2.953745161290323,6.347058064516129,3.313548387096774,21.34709677419355,0.28483870967741937,60.12483870967741
2018-08,4.928829032258064,2.735938709677419,6.708654838709678,3.6554838709677417,21.97774193548387,0.15258064516129033,64.20612903225806
2018-09,6.039083333333333,4.1770233333333335,7.268109999999999,3.7056666666666667,23.619666666666667,0.241,45.592
2018-10,5.82646129032258,3.662141935483871,7.328070967741935,2.914516129032258,24.019354838709678,0.9419354838709677,54.30774193548387
2018-11,5.964436666666667,4.288496666666666,7.148626666666667,2.081,24.463666666666665,1.7263333333333333,54.969
2018-12,5.87906129032258,4.076635483870968,6.996651612903226,1.6616129032258065,23.993870967741934,3.419677419354839,63.00387096774194
2019-01,5.915606451612904,4.2475129032258065,7.183722580645162,1.9038709677419354,24.84193548387097,0.7358064516129031,55.16612903225807
2019-02,6.199285714285715,4.403824999999999,7.5136071428571425,2.1982142857142857,26.273214285714285,0.09035714285714284,51.71142857142858
2019-03,6.794732258064516,5.373241935483871,7.591261290322581,2.1938709677419355,27.24741935483871,0.09935483870967741,40.03290322580645
2019-04,6.177123333333333,4.302546666666667,7.289883333333334,2.223666666666667,26.248,1.932,60.089666666666666
2019-05,5.21468064516129,3.557074193548387,6.748693548387097,2.6190322580645162,24.033870967741933,1.3116129032258064,63.06903225806451
2019-06,4.486953333333333,2.597266666666667,6.094853333333333,2.6453333333333333,23.247,0.31299999999999994,62.03
2019-07,5.05896129032258,3.5135193548387096,6.313725806451613,3.134193548387097,22.937741935483867,0.1774193548387097,56.64709677419355
2019-08,5.096925806451614,2.8922645161290323,6.827425806451613,3.7138709677419355,23.324193548387097,0.20709677419354838,60.1058064516129
2019-09,5.839846666666667,3.7132066666666663,7.216896666666667,3.6136666666666666,24.204666666666665,0.35366666666666663,49.221666666666664
2019-10,5.495245161290322,3.702277419354839,7.3536677419354834,2.521290322580645,23.442580645161293,4.314838709677419,62.04258064516129
2019-11,5.905506666666667,4.16287,7.148973333333333,1.8646666666666667,23.403000000000002,6.359666666666667,60.538000000000004
2019-12,5.736945161290323,4.071770967741935,6.9776354838709675,1.5970967741935482,23.30548387096774,4.3825806451612905,64.21677419354839
2020-01,5.6275258064516125,3.8449612903225807,7.120551612903226,1.6335483870967742,23.892903225806453,2.177096774193548,65.34032258064516
2020-02,6.011282758620689,3.8602827586206896,7.3873137931034485,1.7751724137931033,25.042758620689657,1.2175862068965515,67.51586206896552
2020-03,5.929009677419354,3.513190322580645,7.387929032258064,1.882258064516129,25.370322580645162,1.2932258064516131,76.30580645161291
2020-04,5.76243,3.8374066666666664,7.10978,2.018,24.088,3.616333333333333,80.64366666666666
2020-05,5.809077419354839,5.081761290322581,6.741712903225807,2.5380645161290323,23.719677419354838,0.97,49.82064516129032
2020-06,5.0268966666666675,3.82474,6.28613,2.7953333333333332,22.928,0.5053333333333333,58.87866666666667
2020-07,4.866003225806452,3.0245870967741935,6.28664193548387,3.3593548387096774,22.29774193548387,0.29258064516129034,71.95935483870967
2020-08,5.095393548387097,3.2109290322580644,6.783703225806452,3.604193548387097,22.673548387096773,0.22096774193548385,62.23548387096774
2020-09,5.405726666666666,3.3820433333333333,7.1996166666666666,3.497333333333333,23.550333333333334,0.48966666666666664,59.038000000000004
2020-10,6.303354838709677,4.825709677419355,7.376254838709678,2.759677419354839,24.871935483870967,1.6093548387096774,45.31032258064516
2020-11,5.632563333333334,3.7177833333333337,7.176933333333333,1.9553333333333331,23.688333333333333,4.083,64.47433333333333
2020-12,5.783916129032258,3.9574967741935483,7.042832258064516,1.7432258064516128,24.23193548387097,1.5448387096774194,61.30838709677419
2021-01,5.5858,3.8138,7.184293548387097,1.9116129032258065,24.450000000000003,0.3461290322580645,59.480000000000004
2021-02,6.057064285714286,4.221392857142857,7.44055,1.9742857142857144,25.321428571428573,0.6017857142857144,65.74
2021-03,6.6026225806451615,5.058019354838709,7.587374193548387,2.1822580645161294,25.779032258064515,0.854516129032258,49.89645161290323
2021-04,6.020023333333333,4.3049333333333335,7.253886666666667,2.246666666666667,24.9,2.1736666666666666,70.295
2021-05,5.067809677419355,3.327490322580645,6.663354838709677,2.3167741935483868,23.115483870967743,2.0158064516129035,68.09225806451613
2021-06,4.4120099999999995,2.4769533333333333,6.2574266666666665,2.805333333333333,22.265,0.19,64.31833333333333
2021-07,4.563532258064517,2.8114290322580646,6.360093548387097,3.3470967741935485,21.666774193548385,0.27774193548387094,71.41967741935484
2021-08,5.378496774193548,3.883554838709677,6.7947354838709675,3.608709677419355,22.60225806451613,0.15419354838709678,58.42451612903226
2021-09,5.69787,3.40107,7.210993333333334,3.8506666666666667,23.764666666666667,0.08633333333333333,52.18566666666666
2021-10,6.201558064516129,4.610406451612903,7.319290322580645,2.797741935483871,24.84709677419355,0.5667741935483871,44.892258064516135
2021-11,5.974126666666667,4.105236666666666,7.154946666666667,2.0469999999999997,24.994333333333334,2.647666666666667,54.009
2021-12,5.253796774193549,3.0208709677419354,6.952670967741936,1.7941935483870968,22.667419354838707,4.656129032258065,78.20645161290322
2022-01,6.17981935483871,4.784722580645162,7.242877419354839,1.925806451612903,24.434838709677418,0.39806451612903226,57.68451612903226
2022-02,6.3765285714285715,4.345260714285714,7.419271428571428,1.9032142857142857,25.79214285714286,0.41035714285714286,60.55785714285714
2022-03,6.586406451612903,4.742809677419355,7.454703225806451,2.1554838709677417,26.320967741935487,0.7441935483870968,37.468387096774194
2022-04,5.701503333333333,3.5694666666666666,7.148626666666667,2.1896666666666667,25.241,1.57,70.359
2022-05,5.318661290322581,3.7370645161290326,6.651070967741935,2.5832258064516127,24.31064516129032,0.5151612903225806,50.86709677419355
2022-06,4.743316666666667,3.0150900000000003,6.294746666666667,2.978666666666667,22.837,0.22766666666666666,57.224000000000004
2022-07,4.5481354838709676,2.6901806451612904,6.412283870967742,3.499032258064516,21.416129032258063,0.4703225806451613,71.15838709677419
2022-08,4.886512903225806,3.0630548387096774,6.851451612903226,3.7548387096774194,21.89258064516129,0.3735483870967742,68.19
2022-09,5.41909,3.52305,7.189686666666666,3.6756666666666664,22.660666666666668,1.035,53.403000000000006
2022-10,6.319916129032258,4.658764516129032,7.37061935483871,2.9025806451612906,24.181935483870966,0.515483870967742,46.55451612903226
2022-11,5.066623333333334,2.92182,7.0699000000000005,1.9226666666666667,23.180999999999997,4.408333333333333,75.35633333333334
2022-12,5.382083870967742,3.417341935483871,7.000980645161291,1.7719354838709678,24.07193548387097,1.0,74.42096774193548
2023-01,6.130738709677419,4.708303225806452,7.269503225806452,1.9196774193548387,24.115483870967743,0.7187096774193549,51.96322580645162
2023-02,6.411217857142858,5.220057142857143,7.432735714285714,2.1039285714285714,25.974285714285713,0.028928571428571432,39.95392857142857
2023-03,6.112287096774193,4.3272774193548385,7.4713,2.1548387096774193,25.740645161290324,0.9122580645161291,64.65645161290323
2023-04,5.45005,3.4082066666666666,7.138476666666667,1.969,23.362333333333332,7.117333333333334,75.563
2023-05,5.638461290322581,4.553051612903226,6.738429032258065,2.5,23.886774193548387,1.0280645161290323,49.089354838709674
2023-06,4.915093333333333,3.48205,6.22768,2.7203333333333335,22.772,0.513,53.783
2023-07,4.73478064516129,2.9639483870967744,6.359183870967742,3.414193548387097,22.23741935483871,0.3529032258064516,52.00741935483871
2023-08,5.392370967741935,3.7052096774193553,6.812964516129032,3.851612903225807,22.94193548387097,0.32838709677419353,51.43709677419355
2023-09,5.795343333333333,3.976203333333333,7.179543333333333,3.685,24.578666666666667,0.17933333333333332,46.080333333333336
2023-10,6.228429032258065,4.700680645161291,7.406077419354839,2.6335483870967744,24.801290322580645,2.516451612903226,47.21967741935484
2023-11,5.2462333333333335,3.2489633333333336,7.155183333333333,1.715,22.777333333333335,8.533,75.26866666666666
2023-12,5.699135483870968,4.232025806451613,6.939183870967742,1.7270967741935483,24.03322580645161,1.3935483870967742,58.82322580645161
